,meq0cb,me1xio,mey90r,mf22pu,mf8n2y,mfcsqs,mf4zwq,mf3s5z,mehpp4,mf6j55
can,1.0,,1.0,,,6.0,,2.0,3.0,
current,1.0,,,,,,1.0,,,
want,1.0,,,1.0,,1.0,,,,
pain.,1.0,,,,,,,,,
or,3.0,,5.0,19.0,6.0,21.0,12.0,,,
You,1.0,,,,,4.0,,,,
project,2.0,,,,,,,,,
whatever,1.0,,,,,,,,,
project;,1.0,,,,,,,,,
this,1.0,1.0,,,1.0,5.0,,,,3.0
share.,1.0,,,,,,,,,
working,1.0,,,,,,,,,
on,3.0,,6.0,13.0,,19.0,14.0,11.0,13.0,
explaining,1.0,,,,,,,,,
to,1.0,4.0,2.0,15.0,3.0,13.0,5.0,2.0,4.0,10.0
you're,1.0,,,,,,,,,
"passion,",1.0,,,,,,,,,
Talk,1.0,,,,,,,,,
sharing,1.0,,,,,,,,,
be,1.0,,1.0,7.0,1.0,12.0,4.0,,,
"bragging,",1.0,,,,,,,,,
about,1.0,1.0,,2.0,,,2.0,,,
what,2.0,,,3.0,,1.0,,,,
your,4.0,,,1.0,,2.0,,,,
week!,1.0,,,,,,,,,
Tell,1.0,,,,,,,,,
pet,1.0,,,,,,,,,
"grousing,",1.0,,,,,,,,,
you,6.0,,,16.0,,5.0,,5.0,2.0,2.0
/r/python,1.0,,,,,,,,,
resource,,3.0,,,,,,,,
chat,,1.0,,,,,,,,
share,,1.0,,1.0,,,,,,
certain,,1.0,,,1.0,,,,,
"topic?

Use",,1.0,,,,,,,,
a,,13.0,34.0,134.0,26.0,116.0,,48.0,50.0,46.0
the,,1.0,2.0,19.0,5.0,17.0,6.0,10.0,9.0,2.0
and,,1.0,4.0,10.0,1.0,15.0,3.0,4.0,5.0,5.0
resources!,,1.0,,,,,,,,
Looking,,1.0,,,,,,,,
Found,,1.0,,,,,,,,
over,,1.0,,,,,,,1.0,
Python,,2.0,,,,,4.0,,1.0,
related,,1.0,,,,,,,,
past,,1.0,,,,,,,,
week?,,1.0,,,,,,,,
for,,1.0,,7.0,3.0,9.0,3.0,,,5.0
thread,,1.0,,,,,,,,
explain,,1.0,,,,,,,,
neat,,1.0,,,,,,,,
,,,723.0,,,2250.0,,,,933.0
marks,,,1.0,,,,,,,
will,,,1.0,4.0,,5.0,,,,
redaction,,,1.0,,,,,,,
star,,,1.0,,,,,,,
Simply,,,1.0,,,,,,,
API,,,1.0,,,,,,,
"screenshots),",,,1.0,,,,,,,
"paragraphs,",,,1.0,,,,,,,
"images,",,,1.0,,,,,,,
annotation,,,1.0,,,,,,,
"
Check",,,2.0,,,,,,,
source,,,1.0,,,1.0,,,1.0,2.0
at,,,5.0,18.0,,11.0,9.0,,,
that,,,1.0,6.0,,2.0,1.0,1.0,2.0,2.0
"underline,",,,1.0,,,,,,,
support,,,1.0,,,,,,,
PDF),,,1.0,,,,,,,
"
\-",,,4.0,,,,,,,
return,,,1.0,,,,,,,
repo,,,1.0,,,,,,,
"


You",,,1.0,,,,,,,
sure,,,1.0,1.0,,1.0,,,,
horizontal\_alignment,,,1.0,,,,,,,
[documentation](https://github.com/jorisschellekens/ptext-release/blob/master/EXAMPLES.md),,,1.0,,,,,,,
"strikethrough,",,,1.0,,,,,,,
"[GitHub](https://github.com/jorisschellekens/ptext-release),",,,1.0,,,,,,,
"


Also",,,1.0,,,,,,,
PDF,,,3.0,,,,,1.0,2.0,
from,,,1.0,1.0,1.0,,,,3.0,
recently,,,1.0,,,,,,,
generate,,,1.0,,,,,,,
use,,,1.0,5.0,,1.0,2.0,,,
now,,,1.0,1.0,,,,,1.0,
send,,,1.0,,,,,,,
[here](http://ptext.herokuapp.com/).,,,1.0,,,,,,,
(chapter,,,1.0,,,,,,,
of,,,1.0,7.0,,2.0,3.0,5.0,4.0,6.0
150,,,1.0,,,,,,,
in,,,4.0,38.0,,33.0,12.0,16.0,13.0,18.0
GitHub.,,,1.0,,,,,,,
PyPi.,,,1.0,,,,,,,
get,,,1.0,2.0,,,2.0,,1.0,
vertical\_alignment,,,1.0,,,,,,,
with,,,1.0,7.0,3.0,4.0,1.0,2.0,2.0,2.0
it,,,7.0,20.0,7.0,20.0,,,10.0,8.0
line,,,3.0,,,,,,,
outlines,,,1.0,,,,,,,
release,,,3.0,,,,,,,
pages,,,1.0,,1.0,,,,,
file,,,2.0,,,3.0,,,1.0,
bugfixes,,,1.0,,,,,,,
out,,,3.0,,,8.0,,,,
JSON,,,1.0,,,,,,,
json,,,1.0,,,,,,,
"\*\*pText,",,,1.0,,,,,,,
PDF.,,,1.0,,,,,,,
squiggly,,,1.0,,,,,,,
misc.,,,1.0,,,,,,,
pText,,,2.0,,,,,,,
"tables,",,,1.0,,,,,,,
list,,,1.0,,,,,,,1.0
build,,,1.0,,,,,,1.0,
files.,,,1.0,,,,,,,
(over,,,1.0,,,,,,,
"examples,",,,1.0,,,,,,,
1.8.3\*\*,,,1.0,,,,,,,
"verbose.

Don't",,,,1.0,,,,,,
are,,,,5.0,,3.0,1.0,,1.0,3.0
uses,,,,1.0,1.0,,,,,
explicit,,,,2.0,,,,,,
have,,,,11.0,,3.0,2.0,2.0,,3.0
rethink,,,,2.0,,,,,,
not,,,,3.0,,5.0,,,1.0,
open,,,,1.0,,1.0,,,,2.0
used,,,,1.0,,,,,1.0,
"you.

Fifth:",,,,1.0,,,,,,
instances,,,,1.0,,,,,,
did,,,,1.0,,,,,,
extract,,,,2.0,,,,,,
"doing,",,,,1.0,,,,,,
checker,,,,1.0,,,,,,
think,,,,4.0,,,,1.0,1.0,
hierarchies,,,,1.0,,,,,,
"complaining,",,,,1.0,,,,,,
rest,,,,1.0,,,,,,
way,,,,1.0,,,,,,
but,,,,4.0,,5.0,2.0,,,2.0
nag,,,,1.0,,,,,,
without,,,,2.0,2.0,,,,,
refactoring,,,,2.0,,,,,,
matter,,,,1.0,,,,,,
no,,,,7.0,,,,,4.0,
typing,,,,3.0,,,,,,
my,,,,7.0,,2.0,4.0,,1.0,
there,,,,2.0,,3.0,1.0,,,
very,,,,1.0,,,2.0,,,
style,,,,1.0,,,,,,
For,,,,1.0,,,,,,
separate,,,,2.0,,,,,,
"passed,",,,,1.0,,,,,,
"effect,",,,,1.0,,,,,,
fair,,,,1.0,,,,,,
an,,,,20.0,,33.0,8.0,,12.0,
but...,,,,1.0,,,,,,
introduced,,,,1.0,,,,,,
sometimes,,,,1.0,,,,,,
using,,,,1.0,,,,,,
PR.,,,,1.0,,,,,,
when,,,,1.0,,,,,1.0,
things,,,,1.0,1.0,,,,,
long,,,,1.0,,1.0,,,,
code:,,,,1.0,1.0,,,,,
form,,,,1.0,,,,,,
"typing,",,,,1.0,,,,,,
create,,,,2.0,,,,,,
programming,,,,1.0,,,,2.0,,
specify,,,,1.0,,,,,,
initial,,,,1.0,,,,,,
let,,,,1.0,,,,,,
before.,,,,1.0,,,,,,
Just,,,,1.0,,,,,,
may,,,,2.0,,1.0,,,,
"expected.

First,",,,,1.0,,,,,,
comments?,,,,1.0,,,,,,
module.,,,,1.0,,,,,,
looking,,,,1.0,,,,,,
"file.

Fourth:",,,,1.0,,,,,,
just,,,,2.0,,1.0,1.0,,,
took,,,,1.0,,,,,,
classes,,,,1.0,,,,,,
experience,,,,2.0,,,,,,
also,,,,1.0,,2.0,,1.0,,
"lists,",,,,1.0,,,,,,
quite,,,,1.0,,,,,,
more,,,,3.0,1.0,1.0,4.0,,1.0,1.0
needed,,,,1.0,,,,,,
might,,,,1.0,,,,,,1.0
adding,,,,1.0,,,,,,
expected.,,,,2.0,,,,,,
there's,,,,1.0,,,,,,
duck,,,,1.0,,,,,,
has,,,,1.0,,,,,,
occasional,,,,2.0,,,,,,
much,,,,1.0,,,,,,1.0
non,,,,2.0,,,,,,
doing,,,,2.0,,,1.0,,,
"Now,",,,,1.0,,,,,,
easy.,,,,1.0,,,,,,
programmer,,,,1.0,,,,,,
isinstance,,,,1.0,,,,,,
does,,,,1.0,,,,,,
module,,,,5.0,,,,,,
Union[],,,,1.0,,,,,,
submodule,,,,1.0,,,,,,
explicitly,,,,1.0,,,,,,
benefits,,,,1.0,,,,,,
support.,,,,1.0,,,,,,
how,,,,1.0,,1.0,,,,
can't,,,,1.0,,,,,,
types.,,,,1.0,,,,,,
few,,,,1.0,,,,1.0,,
"host,",,,,1.0,,,,,,
code,,,,5.0,,1.0,,,,8.0
guess,,,,1.0,,,,,,
by,,,,1.0,,,,1.0,2.0,
add,,,,3.0,,,,,,
could,,,,1.0,,,1.0,,2.0,
than,,,,2.0,,,,,,1.0
am,,,,9.0,,3.0,2.0,,,
methods.,,,,1.0,,,,,,
This,,,,1.0,,,,,,
"refactoring,",,,,1.0,,,,,,
stuff,,,,1.0,,,1.0,,,
remain,,,,1.0,,,,,,
so,,,,3.0,1.0,10.0,,,,
have.,,,,1.0,,,,,,
I,,,,16.0,2.0,17.0,5.0,4.0,6.0,4.0
structures,,,,1.0,,,,,,
taste,,,,1.0,,,,,,
similar,,,,1.0,,,,,,
effect,,,,2.0,,,,,,
granted,,,,1.0,,,,,,
"same,",,,,1.0,,,,,,
still,,,,1.0,,,,,1.0,
large,,,,4.0,,,,,,
getting,,,,1.0,,,,,,
"more.

Second:",,,,1.0,,,,,,
non-trivial,,,,1.0,,,,,,
as,,,,15.0,,7.0,,2.0,5.0,
between,,,,1.0,,,,,,
currently,,,,2.0,,,,,,
serious,,,,1.0,,,,,,
"fuss.

Ideas?",,,,1.0,,,,,,
make,,,,2.0,1.0,5.0,,,,
existing,,,,1.0,,,,,,
started,,,,1.0,,,,,,
all,,,,3.0,,4.0,,3.0,1.0,
"coding,",,,,1.0,,,,,,
dicts,,,,1.0,,,,,,
nature,,,,1.0,,,,,,
it's,,,,3.0,,,,,,
aware,,,,1.0,,,,,,
experienced,,,,1.0,,,,,,
passed,,,,2.0,,,,,,
because,,,,2.0,,,,,,
"example,",,,,1.0,,,,,,
PR,,,,4.0,,,,,,
"independent,",,,,1.0,,,,,,
Same,,,,1.0,,,,,,
"contravariance,",,,,1.0,,,,,,
lot,,,,2.0,1.0,,,1.0,,
mock,,,,1.0,,,,,,
"Luckily,",,,,1.0,,,,,,
types,,,,9.0,,1.0,,,,
"writing,",,,,1.0,,,,,,
"cast()ing.

Third:",,,,1.0,,,,,,
codebase,,,,1.0,,,,,,
import,,,,1.0,,,,,,
mypy,,,,6.0,,,,,,
design,,,,1.0,,,,,,
done.,,,,1.0,,,,,,
modules,,,,1.0,,,,,,
too,,,,2.0,,,,,,
strategies.,,,,1.0,,,,,,
different,,,,1.0,,1.0,,1.0,,
python,,,,1.0,,,,,,
complain,,,,2.0,,,,,,
"Unfortunately,",,,,1.0,,,,,,
typically,,,,1.0,,,,,,
exclude,,,,1.0,,,,,,
had,,,,2.0,,,,,2.0,
is,,,,7.0,3.0,11.0,,1.0,,8.0
"PR,",,,,2.0,,,,,,
otherwise,,,,1.0,,,,,,
"types,",,,,2.0,,,,,,
class,,,,2.0,,,,,,
incorrect.,,,,1.0,,,,,,
me,,,,8.0,,11.0,,,3.0,
As,,,,1.0,,,,,,
"wrong,",,,,1.0,,,,,,
proper,,,,1.0,,,,,,
occasionally,,,,1.0,,,,,,
temporarily,,,,1.0,,,,,,
if,,,,4.0,,7.0,,,,
side,,,,1.0,,,,,,
either,,,,1.0,,,,,,
harder,,,,1.0,,,,,,
C++,,,,1.0,,,,,,
Without,,,,1.0,,,,,,
library,,,,,3.0,,,1.0,,
hard,,,,,1.0,,,,,
welcome!,,,,,1.0,,,,,
`curses`,,,,,1.0,,,,,
difficult.,,,,,1.0,,,,,
"

Source",,,,,1.0,,,,,
why,,,,,1.0,,,,,
"curses?

Any",,,,,1.0,,,,,
"input,",,,,,1.0,,,,,
would,,,,,1.0,1.0,2.0,,,
"for,",,,,,1.0,,,,,
`wikipedia`,,,,,1.0,,,,,
made,,,,,2.0,,,,,
text.,,,,,1.0,,,,,
color,,,,,1.0,,,,,
terminal-based,,,,,1.0,,,,,
methods,,,,,1.0,,1.0,,,
change,,,,,1.0,,,,,
fetching,,,,,1.0,,,,,
wanted,,,,,1.0,,,,,
Python.,,,,,1.0,,2.0,,,
"library,",,,,,1.0,,,,,
do,,,,,1.0,,,3.0,4.0,
`keyboard`,,,,,1.0,,,,,
"Seriously,",,,,,1.0,,,,,
which,,,,,1.0,,,,1.0,
display,,,,,1.0,,,,,
"&#x200B;

https://i.redd.it/108qm4naptp61.gif

A",,,,,1.0,,,,,
viewer,,,,,1.0,,,,,
black-magic,,,,,1.0,,,,,
text,,,,,2.0,,,,,
"well,",,,,,1.0,,,,,
feedback,,,,,1.0,1.0,,,,1.0
suggestions,,,,,1.0,,1.0,,,
"Wikipedia,",,,,,2.0,,,,,
"[https://github.com/knosmos/wikipedia](https://github.com/knosmos/wikipedia)

It",,,,,1.0,,,,,
testing,,,,,,1.0,,,,
"comment,",,,,,,1.0,,,,
doesn't,,,,,,1.0,,,,
note,,,,,,2.0,,,,
**Error,,,,,,1.0,,,,
"8|?|
|MacOS",,,,,,1.0,,,,
GitHub,,,,,,1.0,,,,
"world,",,,,,,1.0,,,,
"them,",,,,,,1.0,,,,
OR,,,,,,1.0,,,,
handling**,,,,,,1.0,,,,
liking,,,,,,1.0,,,,
fix,,,,,,1.0,,,,
instead,,,,,,1.0,,,,
saving,,,,,,1.0,,,,
fishy,,,,,,1.0,,,,
besides,,,,,,1.0,,,,
"Again,",,,,,,2.0,,,,
simple,,,,,,2.0,,,,
WiFi/OS.,,,,,,1.0,,,,
decided,,,,,,1.0,,,,
know,,,,,,1.0,3.0,,,
moderated.,,,,,,1.0,,,,
well-formatted,,,,,,1.0,,,,
basically,,,,,,1.0,,,,
"logging
*",,,,,,1.0,,,,
downloading,,,,,,1.0,,,,
and/or,,,,,,1.0,,,,
set,,,,,,2.0,,,,
"Console
*",,,,,,1.0,,,,
Minimal,,,,,,1.0,,,,
"redirects
*",,,,,,1.0,,,,
"support
*",,,,,,1.0,,,,
"Version|Supported|
|:-|:-|
|Windows",,,,,,1.0,,,,
rather,,,,,,1.0,,,,
"(Mint)|✅|

**Keep",,,,,,1.0,,,,
telemetry,,,,,,1.0,,,,
"contribute,",,,,,,1.0,,,,
"note,",,,,,,1.0,,,,
"speaking

I",,,,,,1.0,,,,
"sites.

*",,,,,,1.0,,,,
support**,,,,,,1.0,,,,
"Windows,",,,,,,1.0,,,,
**playlist,,,,,,1.0,,,,
figure,,,,,,1.0,,,,
same.,,,,,,1.0,,,,
projects,,,,,,1.0,1.0,,,
try,,,,,,2.0,,,,1.0
ones,,,,,,2.0,,,,
"mp4"",",,,,,,1.0,,,,
"10.15-16|✅|
|Linux",,,,,,1.0,,,,
fresh,,,,,,1.0,,,,
bit,,,,,,1.0,,,,
w/,,,,,,1.0,,,,
wiki,,,,,,1.0,,,,
"APP](https://imgur.com/a/lIOuSeX),",,,,,,1.0,,,,
"**macOS**,",,,,,,1.0,,,,
github.,,,,,,5.0,,,,
"""youtube",,,,,,1.0,,,,
top,,,,,,1.0,,,,
"resolutions**
*",,,,,,1.0,,,,
etc.,,,,,,1.0,,,,
"can,",,,,,,1.0,,,,
**simple,,,,,,1.0,,,,
many,,,,,,2.0,,2.0,,
see,,,,,,1.0,,,,
Supports,,,,,,1.0,,,,
totally,,,,,,1.0,,,,
bugs,,,,,,3.0,,,,
"Chart

|macOS",,,,,,1.0,,,,
enough,,,,,,1.0,,,,
comment,,,,,,2.0,,,,
on.,,,,,,1.0,,,,
":)

Link:",,,,,,1.0,,,,
Compatibility,,,,,,1.0,,,,
search,,,,,,1.0,1.0,,,
"clone,",,,,,,1.0,,,,
mostly,,,,,,1.0,,,,
fork,,,,,,1.0,,,,
obscure,,,,,,1.0,,,,
"selection

#",,,,,,1.0,,,,
string,,,,,,1.0,,,,
fun,,,,,,1.0,,,,
never,,,,,,1.0,,,,
mp4,,,,,,2.0,,,,
laggy,,,,,,1.0,,,,
bugs.,,,,,,2.0,,,,
below,,,,,,1.0,,,,
"UI**
*",,,,,,1.0,,,,
they,,,,,,1.0,1.0,,,
version**,,,,,,1.0,,,,
possibilities,,,,,,1.0,,,,
take,,,,,,1.0,,,1.0,
any,,,,,,5.0,1.0,,,
properly,,,,,,1.0,,,,
ANY,,,,,,1.0,,,,
"and...
*",,,,,,1.0,,,,
Settings,,,,,,1.0,,,,
extra,,,,,,3.0,,1.0,,1.0
validate,,,,,,1.0,,,,
console,,,,,,2.0,,,,
"Linux

#",,,,,,1.0,,,,
don't,,,,,,1.0,,,,1.0
"be,",,,,,,1.0,,,,
mind.,,,,,,1.0,,,,
"choices
*",,,,,,1.0,,,,
Youtube,,,,,,2.0,,,,
"perfect.**

&#x200B;

Also,",,,,,,1.0,,,,
"

Again,",,,,,,1.0,,,,
reading!,,,,,,1.0,,,,
[own,,,,,,1.0,,,,
"[**https://github.com/leifadev/scout**](https://github.com/leifadev/scout)

Thanks",,,,,,1.0,,,,
**debug,,,,,,1.0,,,,
"[**https://github.com/leifadev/scout**](https://github.com/leifadev/scout)

#",,,,,,1.0,,,,
tested,,,,,,1.0,,,,
well,,,,,,2.0,,,1.0,
**despise**,,,,,,1.0,,,,
videos,,,,,,1.0,,,,
god,,,,,,1.0,,,,
thumbnail,,,,,,1.0,,,,
settings,,,,,,1.0,,,,
ads,,,,,,1.0,,,,
having,,,,,,1.0,,,,
:).,,,,,,1.0,,,,
"VM)|
|Windows",,,,,,1.0,,,,
app,,,,,,1.0,,,,
download,,,,,,2.0,,1.0,1.0,
"file
*",,,,,,1.0,,,,
OS,,,,,,6.0,,,,
UI,,,,,,2.0,,,,
Add,,,,,,5.0,,,,
"me.

Link:",,,,,,1.0,,,,
Clean,,,,,,1.0,,,,
"

Last",,,,,,1.0,,,,
least,,,,,,2.0,,,,
Directory,,,,,,1.0,,,,
always,,,,,,1.0,,,,
comes,,,,,,1.0,,,,
best,,,,,,2.0,,,,
(Tested,,,,,,1.0,,,,
pane,,,,,,1.0,,,,
anyone,,,,,,1.0,,,1.0,
both,,,,,,1.0,,,1.0,
maintain,,,,,,1.0,,,,
"Upcoming

*",,,,,,1.0,,,,
"**Windows**,",,,,,,1.0,,,,
**support,,,,,,1.0,,,,
achieve,,,,,,1.0,,,,
encounter,,,,,,1.0,,,,
"customizing
*",,,,,,1.0,,,,
If,,,,,,1.0,,,,
console.,,,,,,1.0,,,,
other,,,,,,2.0,,1.0,,
customizable,,,,,,1.0,,,,
"Hello!

I",,,,,,1.0,,,,
modify,,,,,,1.0,,,,
10|✅,,,,,,1.0,,,,
Every,,,,,,1.0,,,,
"**Linux**
*",,,,,,1.0,,,,
storage,,,,,,1.0,,,,
"public,",,,,,,1.0,,,,
verbose,,,,,,1.0,,,,
They,,,,,,1.0,,,,
"macOS,",,,,,,1.0,,,,
video,,,,,,3.0,,,,
clean,,,,,,1.0,,,,3.0
another,,,,,,1.0,,,,
"stability,",,,,,,1.0,,,,
time,,,,,,2.0,,,,
"Features

*",,,,,,1.0,,,,
issue,,,,,,2.0,,,,
"moment,",,,,,,,1.0,,,
intermediate,,,,,,,2.0,,,
beginners.,,,,,,,1.0,,,
everyday,,,,,,,1.0,,,
seem,,,,,,,1.0,,,
Searching,,,,,,,1.0,,,
developed,,,,,,,1.0,,,
complete,,,,,,,1.0,,,
advanced,,,,,,,2.0,,,
else,,,,,,,1.0,,,
exist.,,,,,,,1.0,,,
conecepts,,,,,,,1.0,,,
trying,,,,,,,1.0,,,
should,,,,,,,1.0,,,
understanding,,,,,,,1.0,,,
programmer.,,,,,,,1.0,,,
moment.,,,,,,,1.0,,,
up,,,,,,,1.0,,,1.0
Youtube?,,,,,,,1.0,,,
little,,,,,,,1.0,,1.0,
myself,,,,,,,2.0,,,
developer,,,,,,,1.0,,,
help,,,,,,,1.0,1.0,,
OOP,,,,,,,1.0,,,
"Decorators,",,,,,,,1.0,,,
resources,,,,,,,3.0,,,
me?,,,,,,,1.0,,,
Dunder,,,,,,,1.0,,,
What,,,,,,,2.0,,,
i,,,,,,,28.0,,,
some,,,,,,,1.0,1.0,1.0,
position.,,,,,,,1.0,,,
apps,,,,,,,1.0,,,
"

Anyone",,,,,,,1.0,,,
dont,,,,,,,1.0,,,
work,,,,,,,1.0,,,
online,,,,,,,1.0,,,
Data,,,,,,,1.0,,,
"

What",,,,,,,1.0,,,
Anything,,,,,,,1.0,,,
deployed,,,,,,,1.0,,,
most,,,,,,,1.0,1.0,,
portfolio.,,,,,,,1.0,,,
"regually,",,,,,,,1.0,,,
princibles,,,,,,,1.0,,,
consider,,,,,,,2.0,,,
learning,,,,,,,1.0,,,
those,,,,,,,,1.0,,1.0
following,,,,,,,,1.0,,
along,,,,,,,,1.0,,
lifting,,,,,,,,1.0,,
functions,,,,,,,,1.0,,
regarding,,,,,,,,1.0,,
specifically,,,,,,,,1.0,,
"hand,",,,,,,,,1.0,,
nice,,,,,,,,1.0,,
one,,,,,,,,1.0,,
version,,,,,,,,1.0,2.0,
heavy,,,,,,,,1.0,,
strings,,,,,,,,2.0,,
ways,,,,,,,,1.0,,
String,,,,,,,,2.0,,
features,,,,,,,,1.0,,
standard,,,,,,,,1.0,,
activities,,,,,,,,1.0,,
"Python,",,,,,,,,1.0,,
free,,,,,,,,1.0,3.0,
Manipulation,,,,,,,,1.0,,
Handbook**](https://renanmf.com/string-manipulation-in-python/),,,,,,,,1.0,,
built-in,,,,,,,,1.0,,
tips,,,,,,,,1.0,,
"time.

In",,,,,,,,1.0,,
"we,",,,,,,,,1.0,,
"of.

In",,,,,,,,1.0,,
showcase,,,,,,,,1.0,,
"programmers,",,,,,,,,1.0,,
manipulate,,,,,,,,1.0,,
language,,,,,,,,2.0,,
manipulation,,,,,,,,2.0,,
"article,",,,,,,,,1.0,,
"yourself.

In",,,,,,,,1.0,,
"tricks.

[**Python",,,,,,,,1.0,,
"tricks.

You",,,,,,,,1.0,,
several,,,,,,,,1.0,,
"languages,",,,,,,,,1.0,,
these,,,,,,,,2.0,,
view,,,,,,,,,1.0,
"""Free",,,,,,,,,1.0,
copies,,,,,,,,,1.0,
idea,,,,,,,,,1.0,
single,,,,,,,,,1.0,
book,,,,,,,,,5.0,
probably,,,,,,,,,1.0,
involved,,,,,,,,,1.0,
lots,,,,,,,,,1.0,
"year,",,,,,,,,,1.0,
manual,,,,,,,,,1.0,
"email,",,,,,,,,,1.0,
offering,,,,,,,,,1.0,
"direct,",,,,,,,,,1.0,
clicking,,,,,,,,,1.0,
afford,,,,,,,,,2.0,
embedded,,,,,,,,,1.0,
deal,,,,,,,,,1.0,
who,,,,,,,,,1.0,1.0
LaTeX,,,,,,,,,1.0,
it.,,,,,,,,,1.0,
wonderful,,,,,,,,,1.0,
posted,,,,,,,,,1.0,
"up,",,,,,,,,,1.0,
200,,,,,,,,,1.0,
good,,,,,,,,,1.0,
"web.

You",,,,,,,,,1.0,
"version""",,,,,,,,,1.0,
book's,,,,,,,,,1.0,
contacting,,,,,,,,,1.0,
(and,,,,,,,,,1.0,1.0
given,,,,,,,,,1.0,
away,,,,,,,,,2.0,
freely,,,,,,,,,1.0,
"website:

[https://pythonfromtheverybeginning.com/](https://pythonfromtheverybeginning.com/)

(PDF/ePub/Kindle/Paperback",,,,,,,,,1.0,
limited,,,,,,,,,1.0,
Amazon,,,,,,,,,1.0,
"directly.

So,",,,,,,,,,1.0,
(I,,,,,,,,,1.0,
were,,,,,,,,,1.0,
was,,,,,,,,,1.0,
here,,,,,,,,,1.0,
meant,,,,,,,,,1.0,
give,,,,,,,,,2.0,
So,,,,,,,,,2.0,
A,,,,,,,,,2.0,
fiddling),,,,,,,,,1.0,
copy,,,,,,,,,1.0,
"enough,",,,,,,,,,1.0,
HTML,,,,,,,,,3.0,
images,,,,,,,,,1.0,
"new,",,,,,,,,,1.0,
"However,",,,,,,,,,1.0,
[Pandoc](https://pandoc.org),,,,,,,,,1.0,
away.,,,,,,,,,1.0,
"emails!

Sales",,,,,,,,,1.0,
Last,,,,,,,,,1.0,
HTML!).,,,,,,,,,1.0,
available.),,,,,,,,,1.0,
many-a-time,,,,,,,,,,1.0
put,,,,,,,,,,1.0
write,,,,,,,,,,1.0
thing,,,,,,,,,,1.0
important,,,,,,,,,,1.0
base.,,,,,,,,,,1.0
"


With",,,,,,,,,,1.0
"mind,",,,,,,,,,,1.0
read,,,,,,,,,,1.0
resides,,,,,,,,,,1.0
greatly,,,,,,,,,,1.0
"code,",,,,,,,,,,1.0
"code"",",,,,,,,,,,1.0
loves,,,,,,,,,,1.0
opensource,,,,,,,,,,1.0
poor,,,,,,,,,,1.0
people,,,,,,,,,,1.0
"


[https://dev.to/vybhav/beginners-guide-to-auto-formatting-1hpp](https://dev.to/vybhav/beginners-guide-to-auto-formatting-1hpp)",,,,,,,,,,1.0
[\#code](https://www.linkedin.com/feed/hashtag/?keywords=code&highlightedUpdateUrns=urn%3Ali%3Aactivity%3A6782001945595957248),,,,,,,,,,1.0
"


If",,,,,,,,,,1.0
example,,,,,,,,,,1.0
events,,,,,,,,,,1.0
prepared,,,,,,,,,,1.0
written.,,,,,,,,,,1.0
fail,,,,,,,,,,1.0
hands-on,,,,,,,,,,1.0
contributor,,,,,,,,,,1.0
quality,,,,,,,,,,1.0
effort,,,,,,,,,,1.0
development,,,,,,,,,,1.0
appreciated.,,,,,,,,,,1.0
"


Beginners",,,,,,,,,,1.0
course).,,,,,,,,,,1.0
find,,,,,,,,,,1.0
"


Your",,,,,,,,,,1.0
understand,,,,,,,,,,1.0
observed,,,,,,,,,,1.0
Everyone,,,,,,,,,,1.0
tools,,,,,,,,,,1.0
"


One",,,,,,,,,,1.0
new,,,,,,,,,,1.0
"""clean",,,,,,,,,,1.0
rarely,,,,,,,,,,1.0
coming,,,,,,,,,,1.0
interesting,,,,,,,,,,1.0
often,,,,,,,,,,3.0
multiple,,,,,,,,,,1.0
been,,,,,,,,,,1.0
"blog,",,,,,,,,,,1.0
hackathons.,,,,,,,,,,1.0
python.,,,,,,,,,,1.0
code.,,,,,,,,,,1.0
"


I",,,,,,,,,,2.0
part,,,,,,,,,,1.0
