,meq0cb,mi8fa0,mikh28,mi2038,milf6y,mifyev,mi3w3e,mhzjgi,mi6aac,mi0tvi
or,3.0,0.0,0.0,17.0,0.0,0.0,9.0,0.0,18.0,2.0
project,4.0,0.0,0.0,0.0,0.0,0.0,1.0,2.0,0.0,0.0
whatever,1.0,0.0,0.0,0.0,0.0,0.0,0.0,0.0,0.0,0.0
working,1.0,0.0,0.0,1.0,0.0,0.0,0.0,0.0,0.0,0.0
current,1.0,0.0,0.0,0.0,0.0,0.0,0.0,0.0,0.0,0.0
sharing,1.0,0.0,0.0,0.0,0.0,0.0,0.0,0.0,0.0,0.0
grousing,1.0,0.0,0.0,0.0,0.0,0.0,0.0,0.0,0.0,0.0
Tell,1.0,0.0,0.0,0.0,0.0,0.0,0.0,0.0,0.0,0.0
can,1.0,0.0,1.0,5.0,2.0,1.0,0.0,1.0,0.0,0.0
you're,1.0,0.0,0.0,0.0,0.0,0.0,0.0,0.0,0.0,0.0
week,1.0,0.0,0.0,0.0,0.0,0.0,0.0,0.0,0.0,0.0
be,1.0,0.0,0.0,12.0,0.0,1.0,0.0,0.0,7.0,0.0
on,3.0,0.0,4.0,90.0,0.0,0.0,12.0,0.0,0.0,0.0
what,2.0,0.0,0.0,0.0,0.0,0.0,0.0,0.0,0.0,0.0
pain,1.0,0.0,0.0,0.0,0.0,0.0,0.0,0.0,0.0,0.0
explaining,1.0,0.0,0.0,0.0,0.0,0.0,0.0,0.0,0.0,0.0
you,7.0,0.0,0.0,13.0,30.0,1.0,2.0,0.0,0.0,0.0
your,4.0,0.0,0.0,1.0,5.0,0.0,0.0,0.0,1.0,0.0
to,1.0,1.0,2.0,28.0,3.0,5.0,9.0,0.0,14.0,0.0
share,1.0,0.0,0.0,0.0,1.0,0.0,0.0,0.0,1.0,0.0
passion,1.0,0.0,0.0,0.0,0.0,0.0,0.0,0.0,0.0,0.0
pet,1.0,0.0,0.0,0.0,0.0,0.0,0.0,0.0,0.0,0.0
this,1.0,1.0,1.0,8.0,1.0,0.0,2.0,0.0,4.0,1.0
Talk,1.0,0.0,0.0,0.0,0.0,0.0,0.0,0.0,0.0,0.0
want,1.0,0.0,0.0,1.0,0.0,0.0,0.0,0.0,0.0,0.0
about,1.0,1.0,0.0,1.0,1.0,0.0,2.0,0.0,1.0,1.0
bragging,1.0,0.0,0.0,0.0,0.0,0.0,0.0,0.0,0.0,0.0
relevant,0.0,1.0,0.0,0.0,0.0,0.0,0.0,0.0,0.0,0.0
thread,0.0,1.0,0.0,0.0,0.0,0.0,0.0,0.0,0.0,0.0
around,0.0,1.0,0.0,0.0,0.0,0.0,0.0,0.0,0.0,1.0
is,0.0,3.0,3.0,17.0,0.0,4.0,4.0,3.0,8.0,0.0
news,0.0,1.0,0.0,0.0,0.0,0.0,0.0,0.0,0.0,0.0
permitted,0.0,1.0,0.0,0.0,0.0,0.0,0.0,0.0,0.0,0.0
any,0.0,2.0,1.0,0.0,1.0,0.0,0.0,0.0,0.0,0.0
talk,0.0,1.0,0.0,0.0,0.0,0.0,0.0,0.0,0.0,0.0
related,0.0,1.0,0.0,0.0,0.0,1.0,0.0,0.0,0.0,0.0
Python,0.0,2.0,1.0,2.0,0.0,1.0,2.0,1.0,0.0,1.0
and,0.0,1.0,0.0,4.0,5.0,3.0,2.0,2.0,5.0,1.0
discussion,0.0,1.0,0.0,0.0,0.0,0.0,0.0,0.0,0.0,0.0
projects,0.0,1.0,0.0,1.0,0.0,0.0,0.0,0.0,0.0,0.0
Use,0.0,1.0,0.0,0.0,0.0,0.0,0.0,0.0,0.0,0.0
Questions,0.0,1.0,0.0,0.0,0.0,0.0,0.0,0.0,0.0,0.0
anything,0.0,1.0,0.0,0.0,0.0,0.0,0.0,0.0,0.0,0.0
,0.0,0.0,399.0,11208.0,0.0,0.0,975.0,1062.0,13976.0,270.0
In,0.0,0.0,1.0,0.0,0.0,0.0,0.0,0.0,0.0,0.0
how,0.0,0.0,1.0,0.0,2.0,3.0,0.0,0.0,0.0,0.0
Video,0.0,0.0,1.0,0.0,0.0,0.0,0.0,0.0,0.0,0.0
host,0.0,0.0,1.0,0.0,0.0,0.0,0.0,0.0,0.0,0.0
we,0.0,0.0,1.0,0.0,0.0,0.0,0.0,0.0,0.0,0.0
correct,0.0,0.0,1.0,0.0,0.0,0.0,0.0,0.0,0.0,0.0
SMS,0.0,0.0,1.0,0.0,0.0,0.0,0.0,0.0,0.0,0.0
message,0.0,0.0,4.0,0.0,0.0,0.0,0.0,0.0,0.0,0.0
SMTP,0.0,0.0,1.0,0.0,0.0,0.0,0.0,0.0,0.0,0.0
the,0.0,0.0,2.0,66.0,7.0,4.0,5.0,3.0,3.0,1.0
send,0.0,0.0,4.0,0.0,0.0,0.0,0.0,0.0,0.0,0.0
demonstration,0.0,0.0,1.0,0.0,0.0,0.0,0.0,0.0,0.0,0.0
GMail,0.0,0.0,1.0,0.0,0.0,0.0,0.0,0.0,0.0,0.0
settings,0.0,0.0,1.0,0.0,0.0,0.0,0.0,0.0,0.0,0.0
use,0.0,0.0,1.0,0.0,0.0,2.0,0.0,0.0,0.0,0.0
with,0.0,0.0,2.0,14.0,1.0,0.0,2.0,0.0,1.0,0.0
a,0.0,0.0,21.0,128.0,44.0,42.0,59.0,14.0,85.0,0.0
text,0.0,0.0,1.0,0.0,0.0,0.0,0.0,0.0,0.0,0.0
example,0.0,0.0,1.0,0.0,0.0,0.0,0.0,0.0,1.0,0.0
but,0.0,0.0,1.0,4.0,0.0,0.0,4.0,0.0,1.0,0.0
work,0.0,0.0,1.0,8.0,0.0,0.0,2.0,0.0,1.0,0.0
updated,0.0,0.0,0.0,1.0,0.0,0.0,0.0,0.0,0.0,0.0
ahead,0.0,0.0,0.0,1.0,1.0,0.0,0.0,0.0,0.0,0.0
more,0.0,0.0,0.0,1.0,0.0,0.0,0.0,0.0,0.0,0.0
getting,0.0,0.0,0.0,1.0,0.0,0.0,0.0,0.0,0.0,0.0
I,0.0,0.0,0.0,18.0,0.0,6.0,6.0,0.0,4.0,0.0
make,0.0,0.0,0.0,2.0,0.0,1.0,0.0,0.0,0.0,0.0
for,0.0,0.0,0.0,7.0,3.0,2.0,6.0,1.0,4.0,0.0
should,0.0,0.0,0.0,1.0,0.0,0.0,1.0,0.0,0.0,0.0
create,0.0,0.0,0.0,1.0,0.0,0.0,0.0,0.0,0.0,0.0
old,0.0,0.0,0.0,1.0,0.0,0.0,0.0,0.0,0.0,0.0
take,0.0,0.0,0.0,3.0,0.0,0.0,0.0,0.0,0.0,0.0
all,0.0,0.0,0.0,7.0,0.0,0.0,3.0,0.0,0.0,0.0
lifetime,0.0,0.0,0.0,1.0,0.0,0.0,0.0,0.0,0.0,0.0
later,0.0,0.0,0.0,2.0,0.0,0.0,0.0,0.0,0.0,0.0
fine,0.0,0.0,0.0,4.0,0.0,0.0,0.0,0.0,0.0,0.0
days,0.0,0.0,0.0,2.0,0.0,0.0,0.0,0.0,0.0,0.0
doesn't,0.0,0.0,0.0,1.0,0.0,0.0,0.0,0.0,0.0,0.0
making,0.0,0.0,0.0,1.0,0.0,0.0,0.0,0.0,0.0,0.0
This,0.0,0.0,0.0,4.0,0.0,1.0,0.0,0.0,0.0,0.0
videos,0.0,0.0,0.0,1.0,0.0,0.0,0.0,0.0,0.0,0.0
book,0.0,0.0,0.0,3.0,0.0,0.0,0.0,0.0,0.0,0.0
try,0.0,0.0,0.0,1.0,0.0,0.0,0.0,0.0,0.0,0.0
Expect,0.0,0.0,0.0,1.0,0.0,0.0,0.0,0.0,0.0,0.0
blog,0.0,0.0,0.0,3.0,0.0,0.0,0.0,0.0,0.0,2.0
learn,0.0,0.0,0.0,5.0,1.0,0.0,0.0,0.0,0.0,0.0
do,0.0,0.0,0.0,4.0,0.0,0.0,4.0,0.0,0.0,0.0
Asked,0.0,0.0,0.0,1.0,0.0,0.0,0.0,0.0,0.0,0.0
st,0.0,0.0,0.0,23.0,0.0,0.0,0.0,0.0,0.0,0.0
plan,0.0,0.0,0.0,1.0,0.0,0.0,0.0,0.0,0.0,0.0
only,0.0,0.0,0.0,2.0,0.0,0.0,0.0,0.0,1.0,0.0
don't,0.0,0.0,0.0,2.0,1.0,0.0,0.0,0.0,0.0,0.0
several,0.0,0.0,0.0,2.0,0.0,0.0,0.0,0.0,0.0,0.0
what's,0.0,0.0,0.0,1.0,0.0,0.0,0.0,0.0,0.0,0.0
If,0.0,0.0,0.0,2.0,1.0,0.0,0.0,0.0,0.0,0.0
too,0.0,0.0,0.0,1.0,0.0,0.0,0.0,0.0,0.0,0.0
finishing,0.0,0.0,0.0,1.0,0.0,0.0,0.0,0.0,0.0,0.0
three,0.0,0.0,0.0,1.0,0.0,0.0,0.0,0.0,0.0,0.0
latest,0.0,0.0,0.0,1.0,0.0,0.0,0.0,0.0,0.0,0.0
an,0.0,0.0,0.0,16.0,0.0,0.0,7.0,0.0,0.0,0.0
discount,0.0,0.0,0.0,1.0,0.0,0.0,0.0,0.0,0.0,0.0
half,0.0,0.0,0.0,1.0,0.0,0.0,0.0,0.0,0.0,0.0
will,0.0,0.0,0.0,2.0,0.0,1.0,0.0,0.0,0.0,0.0
previous,0.0,0.0,0.0,1.0,0.0,1.0,0.0,0.0,0.0,0.0
course,0.0,0.0,0.0,40.0,0.0,0.0,0.0,0.0,0.0,0.0
not,0.0,0.0,0.0,1.0,0.0,0.0,0.0,0.0,0.0,0.0
edition,0.0,0.0,0.0,18.0,0.0,0.0,0.0,0.0,0.0,0.0
first,0.0,0.0,0.0,4.0,1.0,0.0,0.0,0.0,0.0,0.0
takes,0.0,0.0,0.0,1.0,0.0,0.0,0.0,0.0,0.0,0.0
just,0.0,0.0,0.0,1.0,0.0,0.0,1.0,0.0,0.0,0.0
Meanwhile,0.0,0.0,0.0,1.0,0.0,0.0,0.0,0.0,0.0,0.0
You're,0.0,0.0,0.0,1.0,0.0,0.0,0.0,0.0,0.0,0.0
click,0.0,0.0,0.0,1.0,0.0,0.0,0.0,0.0,0.0,0.0
online,0.0,0.0,0.0,6.0,0.0,0.0,0.0,0.0,0.0,0.0
gym,0.0,0.0,0.0,1.0,0.0,0.0,0.0,0.0,0.0,0.0
parts,0.0,0.0,0.0,1.0,0.0,0.0,0.0,0.0,0.0,0.0
while,0.0,0.0,0.0,3.0,0.0,0.0,1.0,0.0,0.0,0.0
which,0.0,0.0,0.0,1.0,0.0,1.0,0.0,0.0,0.0,0.0
won't,0.0,0.0,0.0,2.0,0.0,0.0,0.0,0.0,0.0,0.0
own,0.0,0.0,0.0,1.0,2.0,0.0,0.0,0.0,0.0,0.0
modules,0.0,0.0,0.0,1.0,0.0,0.0,0.0,0.0,0.0,0.0
it,0.0,0.0,0.0,86.0,0.0,0.0,16.0,0.0,22.0,0.0
read,0.0,0.0,0.0,15.0,0.0,0.0,0.0,0.0,0.0,0.0
past,0.0,0.0,0.0,1.0,0.0,0.0,0.0,0.0,0.0,0.0
out,0.0,0.0,0.0,3.0,0.0,0.0,0.0,0.0,2.0,0.0
covered,0.0,0.0,0.0,1.0,0.0,0.0,0.0,0.0,0.0,0.0
start,0.0,0.0,0.0,1.0,0.0,0.0,0.0,0.0,0.0,0.0
finish,0.0,0.0,0.0,2.0,0.0,0.0,0.0,0.0,0.0,0.0
Automate,0.0,0.0,0.0,1.0,0.0,0.0,0.0,0.0,0.0,0.0
change,0.0,0.0,0.0,2.0,0.0,0.0,0.0,0.0,0.0,0.0
next,0.0,0.0,0.0,4.0,0.0,0.0,0.0,0.0,0.0,0.0
if,0.0,0.0,0.0,2.0,0.0,0.0,3.0,0.0,3.0,0.0
questions,0.0,0.0,0.0,2.0,0.0,0.0,0.0,0.0,0.0,0.0
automatically,0.0,0.0,0.0,2.0,0.0,0.0,0.0,0.0,0.0,0.0
code,0.0,0.0,0.0,27.0,0.0,0.0,8.0,1.0,0.0,0.0
their,0.0,0.0,0.0,1.0,0.0,0.0,0.0,0.0,0.0,0.0
useful,0.0,0.0,0.0,1.0,0.0,0.0,0.0,0.0,0.0,0.0
little,0.0,0.0,0.0,1.0,0.0,0.0,1.0,0.0,0.0,0.0
I'll,0.0,0.0,0.0,2.0,0.0,0.0,0.0,0.0,0.0,0.0
has,0.0,0.0,0.0,2.0,0.0,0.0,0.0,0.0,0.0,0.0
nd,0.0,0.0,0.0,12.0,0.0,0.0,0.0,0.0,0.0,0.0
Sometimes,0.0,0.0,0.0,1.0,0.0,0.0,0.0,0.0,0.0,0.0
have,0.0,0.0,0.0,2.0,2.0,1.0,3.0,0.0,0.0,0.0
at,0.0,0.0,0.0,28.0,0.0,0.0,0.0,0.0,17.0,0.0
mid,0.0,0.0,0.0,1.0,0.0,0.0,0.0,0.0,0.0,0.0
they,0.0,0.0,0.0,1.0,0.0,0.0,1.0,0.0,0.0,0.0
are,0.0,0.0,0.0,3.0,0.0,0.0,0.0,0.0,0.0,0.0
changed,0.0,0.0,0.0,1.0,0.0,0.0,0.0,0.0,0.0,0.0
allowed,0.0,0.0,0.0,1.0,0.0,0.0,0.0,0.0,0.0,0.0
lasts,0.0,0.0,0.0,1.0,0.0,0.0,0.0,0.0,0.0,0.0
buddy,0.0,0.0,0.0,1.0,0.0,0.0,0.0,0.0,0.0,0.0
roughly,0.0,0.0,0.0,1.0,0.0,0.0,0.0,0.0,0.0,0.0
second,0.0,0.0,0.0,5.0,0.0,0.0,0.0,0.0,0.0,0.0
various,0.0,0.0,0.0,1.0,0.0,0.0,0.0,0.0,0.0,0.0
readers,0.0,0.0,0.0,1.0,0.0,0.0,0.0,0.0,0.0,0.0
content,0.0,0.0,0.0,2.0,0.0,0.0,0.0,0.0,0.0,0.0
enter,0.0,0.0,0.0,1.0,0.0,0.0,0.0,0.0,0.0,0.0
no,0.0,0.0,0.0,4.0,0.0,0.0,2.0,0.0,0.0,0.0
guide,0.0,0.0,0.0,1.0,0.0,0.0,0.0,0.0,0.0,0.0
month,0.0,0.0,0.0,4.0,0.0,0.0,0.0,0.0,0.0,0.0
you'll,0.0,0.0,0.0,1.0,0.0,0.0,0.0,0.0,0.0,0.0
ways,0.0,0.0,0.0,1.0,0.0,0.0,0.0,0.0,0.0,0.0
each,0.0,0.0,0.0,2.0,0.0,0.0,0.0,0.0,0.0,0.0
gives,0.0,0.0,0.0,1.0,0.0,0.0,0.0,0.0,0.0,0.0
assumes,0.0,0.0,0.0,1.0,0.0,0.0,0.0,0.0,0.0,0.0
that,0.0,0.0,0.0,6.0,0.0,0.0,0.0,0.0,0.0,0.0
It's,0.0,0.0,0.0,1.0,0.0,0.0,1.0,0.0,0.0,0.0
before,0.0,0.0,0.0,1.0,0.0,0.0,0.0,0.0,0.0,0.0
good,0.0,0.0,0.0,4.0,1.0,0.0,0.0,0.0,0.0,0.0
restrictions,0.0,0.0,0.0,1.0,0.0,0.0,0.0,0.0,0.0,0.0
why,0.0,0.0,0.0,1.0,0.0,0.0,0.0,0.0,0.0,0.0
promo,0.0,0.0,0.0,1.0,0.0,0.0,0.0,0.0,0.0,0.0
again,0.0,0.0,0.0,1.0,0.0,0.0,0.0,0.0,0.0,0.0
time,0.0,0.0,0.0,3.0,1.0,0.0,0.0,0.0,0.0,0.0
works,0.0,0.0,0.0,1.0,0.0,0.0,0.0,0.0,0.0,0.0
step,0.0,0.0,0.0,1.0,0.0,0.0,0.0,0.0,0.0,0.0
There,0.0,0.0,0.0,1.0,0.0,0.0,0.0,0.0,0.0,0.0
because,0.0,0.0,0.0,1.0,0.0,0.0,0.0,0.0,0.0,0.0
totally,0.0,0.0,0.0,1.0,0.0,0.0,0.0,0.0,0.0,0.0
covers,0.0,0.0,0.0,1.0,0.0,0.0,0.0,0.0,0.0,0.0
become,0.0,0.0,0.0,1.0,0.0,0.0,0.0,0.0,0.0,0.0
course's,0.0,0.0,0.0,1.0,0.0,0.0,0.0,0.0,0.0,0.0
th,0.0,0.0,0.0,58.0,0.0,0.0,0.0,0.0,0.0,0.0
of,0.0,0.0,0.0,4.0,1.0,1.0,2.0,1.0,4.0,1.0
math,0.0,0.0,0.0,1.0,0.0,0.0,0.0,0.0,0.0,0.0
up,0.0,0.0,0.0,9.0,0.0,0.0,0.0,0.0,1.0,0.0
posting,0.0,0.0,0.0,1.0,0.0,0.0,0.0,0.0,0.0,0.0
Hence,0.0,0.0,0.0,1.0,0.0,0.0,0.0,0.0,0.0,0.0
Actually,0.0,0.0,0.0,1.0,0.0,0.0,0.0,0.0,0.0,0.0
coding,0.0,0.0,0.0,1.0,0.0,0.0,0.0,0.0,0.0,1.0
coupon,0.0,0.0,0.0,3.0,0.0,0.0,0.0,0.0,0.0,0.0
until,0.0,0.0,0.0,1.0,0.0,0.0,0.0,0.0,0.0,0.0
Check,0.0,0.0,0.0,1.0,0.0,0.0,0.0,0.0,0.0,0.0
extend,0.0,0.0,0.0,1.0,0.0,0.0,0.0,0.0,0.0,0.0
hour,0.0,0.0,0.0,1.0,0.0,0.0,0.0,0.0,0.0,0.0
same,0.0,0.0,0.0,1.0,0.0,0.0,1.0,0.0,0.0,0.0
after,0.0,0.0,0.0,2.0,1.0,0.0,2.0,0.0,0.0,0.0
experience,0.0,0.0,0.0,2.0,1.0,0.0,0.0,0.0,0.0,0.0
pace,0.0,0.0,0.0,1.0,0.0,0.0,0.0,0.0,0.0,0.0
suggest,0.0,0.0,0.0,1.0,0.0,0.0,0.0,0.0,0.0,0.0
redirect,0.0,0.0,0.0,1.0,0.0,0.0,0.0,0.0,0.0,0.0
Boring,0.0,0.0,0.0,1.0,0.0,0.0,0.0,0.0,0.0,0.0
sign,0.0,0.0,0.0,1.0,0.0,0.0,0.0,0.0,0.0,0.0
get,0.0,0.0,0.0,4.0,0.0,2.0,0.0,0.0,0.0,0.0
once,0.0,0.0,0.0,1.0,0.0,0.0,0.0,0.0,0.0,0.0
need,0.0,0.0,0.0,1.0,0.0,0.0,0.0,0.0,0.0,0.0
able,0.0,0.0,0.0,1.0,0.0,0.0,0.0,0.0,0.0,0.0
now,0.0,0.0,0.0,4.0,0.0,0.0,0.0,0.0,0.0,0.0
manually,0.0,0.0,0.0,1.0,0.0,0.0,0.0,0.0,0.0,0.0
bit,0.0,0.0,0.0,1.0,0.0,0.0,0.0,0.0,0.0,0.0
active,0.0,0.0,0.0,1.0,0.0,0.0,0.0,0.0,0.0,0.0
I'm,0.0,0.0,0.0,2.0,1.0,0.0,1.0,0.0,0.0,0.0
policies,0.0,0.0,0.0,1.0,0.0,0.0,0.0,0.0,0.0,0.0
codes,0.0,0.0,0.0,3.0,0.0,0.0,0.0,0.0,0.0,0.0
can't,0.0,0.0,0.0,1.0,0.0,0.0,0.0,0.0,0.0,0.0
beginners,0.0,0.0,0.0,1.0,0.0,0.0,0.0,0.0,0.0,0.0
happen,0.0,0.0,0.0,1.0,0.0,0.0,0.0,0.0,0.0,0.0
other,0.0,0.0,0.0,1.0,0.0,0.0,0.0,0.0,0.0,0.0
go,0.0,0.0,0.0,3.0,2.0,0.0,0.0,0.0,0.0,0.0
that's,0.0,0.0,0.0,1.0,0.0,0.0,0.0,0.0,0.0,0.0
updating,0.0,0.0,0.0,1.0,0.0,0.0,0.0,0.0,0.0,0.0
new,0.0,0.0,0.0,2.0,0.0,0.0,0.0,0.0,0.0,0.0
Signing,0.0,0.0,0.0,2.0,0.0,0.0,0.0,0.0,0.0,0.0
programmers,0.0,0.0,0.0,1.0,0.0,0.0,0.0,0.0,0.0,0.0
cover,0.0,0.0,0.0,3.0,0.0,0.0,0.0,0.0,0.0,0.0
Udemy,0.0,0.0,0.0,4.0,0.0,0.0,0.0,0.0,0.0,0.0
in,0.0,0.0,0.0,36.0,17.0,10.0,22.0,0.0,13.0,5.0
Stuff,0.0,0.0,0.0,1.0,0.0,0.0,0.0,0.0,0.0,0.0
writing,0.0,0.0,0.0,1.0,0.0,1.0,0.0,0.0,0.0,0.0
experienced,0.0,0.0,0.0,1.0,0.0,0.0,0.0,0.0,0.0,0.0
as,0.0,0.0,0.0,7.0,0.0,0.0,6.0,0.0,6.0,0.0
update,0.0,0.0,0.0,2.0,0.0,0.0,0.0,0.0,0.0,0.0
also,0.0,0.0,0.0,1.0,0.0,0.0,1.0,0.0,0.0,0.0
it'll,0.0,0.0,0.0,1.0,0.0,0.0,0.0,0.0,0.0,0.0
wrote,0.0,0.0,0.0,1.0,0.0,0.0,0.0,0.0,0.0,0.0
then,0.0,0.0,0.0,1.0,0.0,0.0,0.0,0.0,0.0,0.0
access,0.0,0.0,0.0,1.0,0.0,1.0,0.0,0.0,0.0,0.0
separate,0.0,0.0,0.0,1.0,0.0,0.0,1.0,0.0,0.0,0.0
period,0.0,0.0,0.0,1.0,0.0,0.0,0.0,0.0,0.0,0.0
so,0.0,0.0,0.0,4.0,0.0,0.0,0.0,0.0,0.0,0.0
who,0.0,0.0,0.0,1.0,0.0,0.0,0.0,0.0,0.0,0.0
link,0.0,0.0,0.0,2.0,0.0,0.0,0.0,1.0,0.0,0.0
programming,0.0,0.0,0.0,3.0,0.0,0.0,0.0,0.0,0.0,1.0
basics,0.0,0.0,0.0,1.0,0.0,1.0,0.0,0.0,0.0,0.0
free,0.0,0.0,0.0,4.0,0.0,1.0,0.0,0.0,0.0,0.0
post,0.0,0.0,0.0,3.0,0.0,4.0,0.0,0.0,0.0,0.0
solution,0.0,0.0,0.0,0.0,1.0,0.0,0.0,0.0,0.0,0.0
concepts,0.0,0.0,0.0,0.0,1.0,0.0,0.0,0.0,0.0,0.0
After,0.0,0.0,0.0,0.0,1.0,0.0,0.0,0.0,0.0,0.0
engine,0.0,0.0,0.0,0.0,1.0,0.0,0.0,0.0,0.0,0.0
challenges,0.0,0.0,0.0,0.0,1.0,0.0,0.0,0.0,0.0,2.0
Were,0.0,0.0,0.0,0.0,1.0,0.0,0.0,0.0,0.0,0.0
overview,0.0,0.0,0.0,0.0,1.0,0.0,0.0,0.0,0.0,0.0
confident,0.0,0.0,0.0,0.0,1.0,0.0,0.0,0.0,0.0,0.0
already,0.0,0.0,0.0,0.0,1.0,1.0,0.0,0.0,0.0,0.0
looking,0.0,0.0,0.0,0.0,1.0,0.0,0.0,0.0,0.0,0.0
video,0.0,0.0,0.0,0.0,6.0,0.0,0.0,1.0,0.0,0.0
neural,0.0,0.0,0.0,0.0,8.0,0.0,0.0,0.0,0.0,0.0
keyword,0.0,0.0,0.0,0.0,1.0,0.0,0.0,0.0,0.0,0.0
down,0.0,0.0,0.0,0.0,1.0,0.0,0.0,0.0,1.0,0.0
feedback,0.0,0.0,0.0,0.0,4.0,0.0,0.0,0.0,0.0,0.0
appreciate,0.0,0.0,0.0,0.0,1.0,0.0,0.0,0.0,0.0,0.0
using,0.0,0.0,0.0,0.0,1.0,0.0,1.0,2.0,1.0,0.0
build,0.0,0.0,0.0,0.0,4.0,0.0,0.0,0.0,0.0,0.0
Watch,0.0,0.0,0.0,0.0,1.0,0.0,0.0,0.0,0.0,0.0
Learning,0.0,0.0,0.0,0.0,1.0,0.0,0.0,0.0,0.0,0.0
watching,0.0,0.0,0.0,0.0,2.0,0.0,0.0,0.0,0.0,0.0
high,0.0,0.0,0.0,0.0,1.0,0.0,0.0,0.0,0.0,0.0
feel,0.0,0.0,0.0,0.0,1.0,0.0,0.0,0.0,0.0,0.0
level,0.0,0.0,0.0,0.0,1.0,0.0,0.0,0.0,0.0,0.0
Jina,0.0,0.0,0.0,0.0,3.0,0.0,0.0,0.0,0.0,0.0
Deep,0.0,0.0,0.0,0.0,1.0,0.0,0.0,0.0,0.0,0.0
search,0.0,0.0,0.0,0.0,8.0,0.0,0.0,0.0,0.0,0.0
Do,0.0,0.0,0.0,0.0,4.0,0.0,0.0,0.0,0.0,0.0
easy,0.0,0.0,0.0,0.0,1.0,0.0,0.0,0.0,0.0,0.0
building,0.0,0.0,0.0,0.0,2.0,0.0,0.0,0.0,0.0,0.0
helps,0.0,0.0,0.0,0.0,1.0,1.0,0.0,0.0,0.0,0.0
cutting,0.0,0.0,0.0,0.0,1.0,0.0,0.0,0.0,0.0,0.0
development,0.0,0.0,0.0,0.0,1.0,0.0,0.0,0.0,0.0,0.0
understand,0.0,0.0,0.0,0.0,3.0,0.0,0.0,0.0,0.0,0.0
am,0.0,0.0,0.0,0.0,0.0,2.0,0.0,0.0,0.0,0.0
manipulate,0.0,0.0,0.0,0.0,0.0,1.0,0.0,0.0,0.0,0.0
discuss,0.0,0.0,0.0,0.0,0.0,2.0,0.0,0.0,0.0,0.0
based,0.0,0.0,0.0,0.0,0.0,2.0,0.0,0.0,0.0,0.0
going,0.0,0.0,0.0,0.0,0.0,1.0,0.0,0.0,0.0,0.0
whole,0.0,0.0,0.0,0.0,0.0,1.0,0.0,0.0,0.0,0.0
API,0.0,0.0,0.0,0.0,0.0,4.0,0.0,0.0,0.0,0.0
data,0.0,0.0,0.0,0.0,0.0,1.0,0.0,0.0,0.0,0.0
GraphQL,0.0,0.0,0.0,0.0,0.0,3.0,0.0,0.0,0.0,0.0
graphene,0.0,0.0,0.0,0.0,0.0,2.0,0.0,0.0,0.0,0.0
some,0.0,0.0,0.0,0.0,0.0,1.0,1.0,0.0,0.0,0.0
us,0.0,0.0,0.0,0.0,0.0,6.0,0.0,0.0,0.0,0.0
another,0.0,0.0,0.0,0.0,0.0,1.0,0.0,0.0,0.0,0.0
APIs,0.0,0.0,0.0,0.0,0.0,1.0,0.0,0.0,0.0,0.0
FastAPI,0.0,0.0,0.0,0.0,0.0,2.0,0.0,0.0,0.0,0.0
article,0.0,0.0,0.0,0.0,0.0,1.0,0.0,0.0,0.0,0.0
learning,0.0,0.0,0.0,0.0,0.0,1.0,1.0,0.0,0.0,0.0
application,0.0,0.0,0.0,0.0,0.0,1.0,0.0,0.0,0.0,0.0
So,0.0,0.0,0.0,0.0,0.0,1.0,2.0,0.0,0.0,0.0
discussed,0.0,0.0,0.0,0.0,0.0,1.0,0.0,0.0,0.0,0.0
We,0.0,0.0,0.0,0.0,0.0,1.0,0.0,0.0,0.0,0.0
framework,0.0,0.0,0.0,0.0,0.0,1.0,0.0,0.0,0.0,0.0
Rest,0.0,0.0,0.0,0.0,0.0,1.0,0.0,0.0,0.0,0.0
devices,0.0,0.0,0.0,0.0,0.0,0.0,1.0,0.0,0.0,0.0
from,0.0,0.0,0.0,0.0,0.0,0.0,1.0,0.0,2.0,0.0
grass,0.0,0.0,0.0,0.0,0.0,0.0,1.0,0.0,0.0,0.0
managed,0.0,0.0,0.0,0.0,0.0,0.0,1.0,0.0,0.0,0.0
distinct,0.0,0.0,0.0,0.0,0.0,0.0,1.0,0.0,0.0,0.0
me,0.0,0.0,0.0,0.0,0.0,0.0,5.0,0.0,9.0,0.0
uses,0.0,0.0,0.0,0.0,0.0,0.0,1.0,0.0,0.0,0.0
pretty,0.0,0.0,0.0,0.0,0.0,0.0,1.0,0.0,0.0,0.0
sparks,0.0,0.0,0.0,0.0,0.0,0.0,1.0,0.0,0.0,0.0
means,0.0,0.0,0.0,0.0,0.0,0.0,1.0,0.0,1.0,0.0
dependencies,0.0,0.0,0.0,0.0,0.0,0.0,1.0,0.0,0.0,0.0
args,0.0,0.0,0.0,0.0,0.0,0.0,1.0,0.0,0.0,0.0
personal,0.0,0.0,0.0,0.0,0.0,0.0,1.0,0.0,0.0,0.0
jumped,0.0,0.0,0.0,0.0,0.0,0.0,1.0,0.0,0.0,0.0
painful,0.0,0.0,0.0,0.0,0.0,0.0,1.0,0.0,0.0,0.0
morse,0.0,0.0,0.0,0.0,0.0,0.0,2.0,0.0,0.0,0.0
throwaway,0.0,0.0,0.0,0.0,0.0,0.0,1.0,0.0,0.0,0.0
years,0.0,0.0,0.0,0.0,0.0,0.0,1.0,0.0,0.0,0.0
away,0.0,0.0,0.0,0.0,0.0,0.0,2.0,0.0,0.0,0.0
hope,0.0,0.0,0.0,0.0,0.0,0.0,1.0,0.0,0.0,0.0
Source,0.0,0.0,0.0,0.0,0.0,0.0,1.0,0.0,0.0,0.0
test,0.0,0.0,0.0,0.0,0.0,0.0,1.0,0.0,0.0,0.0
program,0.0,0.0,0.0,0.0,0.0,0.0,1.0,0.0,0.0,0.0
passing,0.0,0.0,0.0,0.0,0.0,0.0,1.0,0.0,0.0,0.0
interaction,0.0,0.0,0.0,0.0,0.0,0.0,1.0,0.0,0.0,0.0
regularly,0.0,0.0,0.0,0.0,0.0,0.0,1.0,0.0,0.0,0.0
principals,0.0,0.0,0.0,0.0,0.0,0.0,1.0,0.0,0.0,0.0
dots,0.0,0.0,0.0,0.0,0.0,0.0,1.0,0.0,0.0,0.0
debian,0.0,0.0,0.0,0.0,0.0,0.0,1.0,0.0,0.0,0.0
patch,0.0,0.0,0.0,0.0,0.0,0.0,1.0,0.0,0.0,0.0
quite,0.0,0.0,0.0,0.0,0.0,0.0,1.0,0.0,0.0,0.0
sure,0.0,0.0,0.0,0.0,0.0,0.0,1.0,0.0,0.0,0.0
LED,0.0,0.0,0.0,0.0,0.0,0.0,3.0,0.0,0.0,0.0
i'd,0.0,0.0,0.0,0.0,0.0,0.0,1.0,0.0,0.0,0.0
i,0.0,0.0,0.0,0.0,0.0,0.0,61.0,0.0,74.0,0.0
nearest,0.0,0.0,0.0,0.0,0.0,0.0,1.0,0.0,0.0,0.0
mostly,0.0,0.0,0.0,0.0,0.0,0.0,1.0,0.0,0.0,0.0
translation,0.0,0.0,0.0,0.0,0.0,0.0,1.0,0.0,0.0,0.0
did,0.0,0.0,0.0,0.0,0.0,0.0,1.0,0.0,0.0,0.0
afternoon's,0.0,0.0,0.0,0.0,0.0,0.0,1.0,0.0,0.0,0.0
happy,0.0,0.0,0.0,0.0,0.0,0.0,2.0,0.0,0.0,0.0
side,0.0,0.0,0.0,0.0,0.0,0.0,1.0,0.0,0.0,0.0
beginner,0.0,0.0,0.0,0.0,0.0,0.0,1.0,0.0,0.0,0.0
venv,0.0,0.0,0.0,0.0,0.0,0.0,1.0,0.0,0.0,0.0
had,0.0,0.0,0.0,0.0,0.0,0.0,1.0,0.0,0.0,0.0
symlinks,0.0,0.0,0.0,0.0,0.0,0.0,1.0,0.0,0.0,0.0
interfaces,0.0,0.0,0.0,0.0,0.0,0.0,1.0,0.0,0.0,0.0
interesting,0.0,0.0,0.0,0.0,0.0,0.0,1.0,0.0,0.0,0.0
into,0.0,0.0,0.0,0.0,0.0,0.0,3.0,0.0,2.0,0.0
pi,0.0,0.0,0.0,0.0,0.0,0.0,3.0,0.0,0.0,0.0
done,0.0,0.0,0.0,0.0,0.0,0.0,1.0,1.0,0.0,0.0
find,0.0,0.0,0.0,0.0,0.0,0.0,1.0,1.0,0.0,0.0
guess,0.0,0.0,0.0,0.0,0.0,0.0,1.0,0.0,0.0,0.0
IO,0.0,0.0,0.0,0.0,0.0,0.0,1.0,0.0,0.0,0.0
motivation,0.0,0.0,0.0,0.0,0.0,0.0,1.0,0.0,0.0,0.0
tonight,0.0,0.0,0.0,0.0,0.0,0.0,1.0,0.0,0.0,0.0
dashes,0.0,0.0,0.0,0.0,0.0,0.0,1.0,0.0,0.0,0.0
inspiration,0.0,0.0,0.0,0.0,0.0,0.0,1.0,0.0,0.0,0.0
OOP,0.0,0.0,0.0,0.0,0.0,0.0,1.0,0.0,0.0,0.0
Arg,0.0,0.0,0.0,0.0,0.0,0.0,1.0,0.0,0.0,0.0
logic,0.0,0.0,0.0,0.0,0.0,0.0,1.0,0.0,0.0,0.0
os,0.0,0.0,0.0,0.0,0.0,0.0,2.0,0.0,0.0,0.0
intermediate,0.0,0.0,0.0,0.0,0.0,0.0,1.0,0.0,0.0,0.0
leds,0.0,0.0,0.0,0.0,0.0,0.0,1.0,0.0,0.0,0.0
degree,0.0,0.0,0.0,0.0,0.0,0.0,1.0,0.0,0.0,0.0
communication,0.0,0.0,0.0,0.0,0.0,0.0,1.0,0.0,0.0,0.0
haven't,0.0,0.0,0.0,0.0,0.0,0.0,1.0,0.0,0.0,0.0
my,0.0,0.0,0.0,0.0,0.0,0.0,2.0,0.0,0.0,0.0
hours,0.0,0.0,0.0,0.0,0.0,0.0,1.0,0.0,0.0,0.0
especially,0.0,0.0,0.0,0.0,0.0,0.0,1.0,0.0,0.0,0.0
classes,0.0,0.0,0.0,0.0,0.0,0.0,1.0,0.0,0.0,0.0
ago,0.0,0.0,0.0,0.0,0.0,0.0,1.0,0.0,0.0,0.0
was,0.0,0.0,0.0,0.0,0.0,0.0,0.0,1.0,2.0,0.0
The,0.0,0.0,0.0,0.0,0.0,0.0,0.0,2.0,0.0,0.0
here,0.0,0.0,0.0,0.0,0.0,0.0,0.0,1.0,0.0,0.0
Jetson,0.0,0.0,0.0,0.0,0.0,0.0,0.0,1.0,0.0,0.0
nice,0.0,0.0,0.0,0.0,0.0,0.0,0.0,1.0,0.0,0.0
You,0.0,0.0,0.0,0.0,0.0,0.0,0.0,1.0,0.0,0.0
recognition,0.0,0.0,0.0,0.0,0.0,0.0,0.0,4.0,0.0,0.0
Nano,0.0,0.0,0.0,0.0,0.0,0.0,0.0,1.0,0.0,0.0
face,0.0,0.0,0.0,0.0,0.0,0.0,0.0,3.0,0.0,0.0
OpenCV,0.0,0.0,0.0,0.0,0.0,0.0,0.0,1.0,0.0,0.0
mean,0.0,0.0,0.0,0.0,0.0,0.0,0.0,0.0,6.0,0.0
equation,0.0,0.0,0.0,0.0,0.0,0.0,0.0,0.0,2.0,0.0
n,0.0,0.0,0.0,0.0,0.0,0.0,0.0,0.0,252.0,0.0
ttictoc,0.0,0.0,0.0,0.0,0.0,0.0,0.0,0.0,1.0,0.0
algorithms,0.0,0.0,0.0,0.0,0.0,0.0,0.0,0.0,1.0,0.0
numpy,0.0,0.0,0.0,0.0,0.0,0.0,0.0,0.0,2.0,0.0
s',0.0,0.0,0.0,0.0,0.0,0.0,0.0,0.0,1.0,0.0
tictoc,0.0,0.0,0.0,0.0,0.0,0.0,0.0,0.0,1.0,0.0
import,0.0,0.0,0.0,0.0,0.0,0.0,0.0,0.0,5.0,0.0
expand,0.0,0.0,0.0,0.0,0.0,0.0,0.0,0.0,1.0,0.0
Basically,0.0,0.0,0.0,0.0,0.0,0.0,0.0,0.0,1.0,0.0
dimensions,0.0,0.0,0.0,0.0,0.0,0.0,0.0,0.0,1.0,0.0
zero,0.0,0.0,0.0,0.0,0.0,0.0,0.0,0.0,1.0,0.0
fun,0.0,0.0,0.0,0.0,0.0,0.0,0.0,0.0,2.0,0.0
tic,0.0,0.0,0.0,0.0,0.0,0.0,0.0,0.0,4.0,0.0
axis,0.0,0.0,0.0,0.0,0.0,0.0,0.0,0.0,1.0,0.0
could,0.0,0.0,0.0,0.0,0.0,0.0,0.0,0.0,4.0,0.0
problem,0.0,0.0,0.0,0.0,0.0,0.0,0.0,0.0,1.0,0.0
plt,0.0,0.0,0.0,0.0,0.0,0.0,0.0,0.0,10.0,0.0
thought,0.0,0.0,0.0,0.0,0.0,0.0,0.0,0.0,1.0,0.0
unneeded,0.0,0.0,0.0,0.0,0.0,0.0,0.0,0.0,1.0,0.0
algo,0.0,0.0,0.0,0.0,0.0,0.0,0.0,0.0,2.0,0.0
vector,0.0,0.0,0.0,0.0,0.0,0.0,0.0,0.0,6.0,0.0
would,0.0,0.0,0.0,0.0,0.0,0.0,0.0,0.0,1.0,0.0
curious,0.0,0.0,0.0,0.0,0.0,0.0,0.0,0.0,1.0,0.0
sped,0.0,0.0,0.0,0.0,0.0,0.0,0.0,0.0,1.0,0.0
randn,0.0,0.0,0.0,0.0,0.0,0.0,0.0,0.0,2.0,0.0
sum,0.0,0.0,0.0,0.0,0.0,0.0,0.0,0.0,5.0,0.0
Alternatives,0.0,0.0,0.0,0.0,0.0,0.0,0.0,0.0,1.0,0.0
cumsum,0.0,0.0,0.0,0.0,0.0,0.0,0.0,0.0,2.0,0.0
question,0.0,0.0,0.0,0.0,0.0,0.0,0.0,0.0,1.0,0.0
terms,0.0,0.0,0.0,0.0,0.0,0.0,0.0,0.0,1.0,0.0
part,0.0,0.0,0.0,0.0,0.0,0.0,0.0,0.0,1.0,0.0
calculate,0.0,0.0,0.0,0.0,0.0,0.0,0.0,0.0,1.0,0.0
through,0.0,0.0,0.0,0.0,0.0,0.0,0.0,0.0,1.0,0.0
iters,0.0,0.0,0.0,0.0,0.0,0.0,0.0,0.0,3.0,0.0
slowing,0.0,0.0,0.0,0.0,0.0,0.0,0.0,0.0,1.0,0.0
numba,0.0,0.0,0.0,0.0,0.0,0.0,0.0,0.0,1.0,0.0
importance,0.0,0.0,0.0,0.0,0.0,0.0,0.0,0.0,1.0,0.0
newbies,0.0,0.0,0.0,0.0,0.0,0.0,0.0,0.0,1.0,0.0
I'd,0.0,0.0,0.0,0.0,0.0,0.0,0.0,0.0,1.0,0.0
Well,0.0,0.0,0.0,0.0,0.0,0.0,0.0,0.0,1.0,0.0
np,0.0,0.0,0.0,0.0,0.0,0.0,0.0,0.0,12.0,0.0
data',0.0,0.0,0.0,0.0,0.0,0.0,0.0,0.0,1.0,0.0
ran,0.0,0.0,0.0,0.0,0.0,0.0,0.0,0.0,8.0,0.0
ns,0.0,0.0,0.0,0.0,0.0,0.0,0.0,0.0,7.0,0.0
vectorizing,0.0,0.0,0.0,0.0,0.0,0.0,0.0,0.0,1.0,0.0
checking,0.0,0.0,0.0,0.0,0.0,0.0,0.0,0.0,1.0,0.0
rows,0.0,0.0,0.0,0.0,0.0,0.0,0.0,0.0,1.0,0.0
small,0.0,0.0,0.0,0.0,0.0,0.0,0.0,0.0,1.0,0.0
along,0.0,0.0,0.0,0.0,0.0,0.0,0.0,0.0,1.0,0.0
Just,0.0,0.0,0.0,0.0,0.0,0.0,0.0,0.0,1.0,0.0
values,0.0,0.0,0.0,0.0,0.0,0.0,0.0,0.0,1.0,0.0
let's,0.0,0.0,0.0,0.0,0.0,0.0,0.0,0.0,0.0,1.0
featured,0.0,0.0,0.0,0.0,0.0,0.0,0.0,0.0,0.0,1.0
static,0.0,0.0,0.0,0.0,0.0,0.0,0.0,0.0,0.0,1.0
wars,0.0,0.0,0.0,0.0,0.0,0.0,0.0,0.0,0.0,1.0
dynamic,0.0,0.0,0.0,0.0,0.0,0.0,0.0,0.0,0.0,1.0
FP,0.0,0.0,0.0,0.0,0.0,0.0,0.0,0.0,0.0,1.0
OO,0.0,0.0,0.0,0.0,0.0,0.0,0.0,0.0,0.0,1.0
debate,0.0,0.0,0.0,0.0,0.0,0.0,0.0,0.0,0.0,1.0
Instead,0.0,0.0,0.0,0.0,0.0,0.0,0.0,0.0,0.0,1.0
holy,0.0,0.0,0.0,0.0,0.0,0.0,0.0,0.0,0.0,1.0
argue,0.0,0.0,0.0,0.0,0.0,0.0,0.0,0.0,0.0,1.0
against,0.0,0.0,0.0,0.0,0.0,0.0,0.0,0.0,0.0,1.0
vs,0.0,0.0,0.0,0.0,0.0,0.0,0.0,0.0,0.0,2.0
